	functools.partial(<function _simpsons_dominance at 0x7f8935fe3010>)
IBS-50-CYK2020	0.9302601610494889
IBS-79-CYK2020	0.9638292139833881
IBS-27-CYK2020	0.9671012747269627
IBS-54-CYK2020	0.8855457784171671
IBS-40-CYK2020	0.8854894752785424
IBS-19-CYK2020	0.9753670769404388
IBS-84-CYK2020	0.9705318954293362
IBS-13-CYK2020	0.8923710029493502
IBS-58-CYK2020	0.9660142584398373
IBS-42-CYK2020	0.9366383764804467
IBS-72-CYK2020	0.9821382461192449
HC-21-CYK2020	0.9738463920589335
IBS-46-CYK2020	0.949969534601414
IBS-36-CYK2020	0.9749090892706742
IBS-5-CYK2020	0.9340082093655174
IBS-74-CYK2020	0.9654353593871835
HC-19-CYK2020	0.9844898526770245
IBS-17-CYK2020	0.9623505752573173
HC-26-CYK2020	0.9301436909812513
IBS-52-CYK2020	0.9493894244553789
IBS-34-CYK2020	0.960069090199414
HC-12-CYK2020	0.9816230250988609
HC-9-CYK2020	0.9558982493715642
IBS-73-CYK2020	0.9547205005238769
IBS-71-CYK2020	0.975395616347672
IBS-6-CYK2020	0.9410922940293435
IBS-63-CYK2020	0.9554429512855065
IBS-4-CYK2020	0.9540580126433216
IBS-20-CYK2020	0.9707747529710526
IBS-32-CYK2020	0.9233019497492516
IBS-16-CYK2020	0.9336983801636191
IBS-59-CYK2020	0.9582393285653402
IBS-76-CYK2020	0.9562964629627421
IBS-29-CYK2020	0.9427569366217585
IBS-78-CYK2020	0.9568385440629323
IBS-21-CYK2020	0.9495197328589738
HC-23-CYK2020	0.9466437552287814
IBS-43-CYK2020	0.9727881121140407
IBS-26-CYK2020	0.9377908607433854
IBS-37-CYK2020	0.8926145590139798
HC-1-CYK2020	0.9348312140903112
IBS-14-CYK2020	0.9771408370937409
IBS-23-CYK2020	0.9637395253030159
IBS-28-CYK2020	0.9079968032615146
IBS-41-CYK2020	0.9569573617831943
HC-11-CYK2020	0.9809467886950795
IBS-80-CYK2020	0.9223780603173379
IBS-55-CYK2020	0.9556475353117948
IBS-61-CYK2020	0.9868204367262947
IBS-8-CYK2020	0.9666052907081265
HC-13-CYK2020	0.965814626135519
IBS-7-CYK2020	0.9712537629370988
IBS-85-CYK2020	0.9361709101624106
IBS-24-CYK2020	0.9272467564324404
HC-7-CYK2020	0.9721537623171392
IBS-22-CYK2020	0.949647369258749
IBS-83-CYK2020	0.9719469189125107
IBS-9-CYK2020	0.9389241880591398
IBS-12-CYK2020	0.9473036739349276
HC-10-CYK2020	0.9485135040500604
IBS-75-CYK2020	0.9381030231480262
HC-25-CYK2020	0.9625888804802274
IBS-69-CYK2020	0.97163651785645
IBS-53-CYK2020	0.9233241788173787
IBS-60-CYK2020	0.9756138017100442
IBS-47-CYK2020	0.9279590849115359
HC-16-CYK2020	0.9729605099025999
IBS-81-CYK2020	0.9869220712857586
HC-5-CYK2020	0.9853258753406339
IBS-66-CYK2020	0.9358025642430545
IBS-51-CYK2020	0.975534961753295
HC-2-CYK2020	0.9746961472405913
IBS-68-CYK2020	0.9681572183566654
IBS-15-CYK2020	0.9569582458568668
IBS-77-CYK2020	0.9368330659431935
IBS-48-CYK2020	0.9724729198367059
HC-20-CYK2020	0.9690208098255371
HC-24-CYK2020	0.9522612602109889
HC-22-CYK2020	0.9611210413659057
IBS-10-CYK2020	0.9663802880934733
IBS-62-CYK2020	0.971831784747091
IBS-70-CYK2020	0.957076451361859
HC-6-CYK2020	0.9593979736384288
IBS-1-CYK2020	0.955075342002714
IBS-31-CYK2020	0.9540575531514197
HC-18-CYK2020	0.9713915976632533
IBS-38-CYK2020	0.9489603709864933
HC-4-CYK2020	0.9869592308096273
IBS-25-CYK2020	0.9351030211139313
IBS-30-CYK2020	0.9499430284414715
HC-14-CYK2020	0.9724039158319505
IBS-3-CYK2020	0.9419617304624446
IBS-67-CYK2020	0.9625196685163212
IBS-33-CYK2020	0.9412797073411475
IBS-35-CYK2020	0.972357608306166
HC-15-CYK2020	0.9660468383484424
HC-17-CYK2020	0.9759910379679422
IBS-44-CYK2020	0.938186062234136
IBS-39-CYK2020	0.9652346727425506
IBS-82-CYK2020	0.9541200386375274
HC-8-CYK2020	0.9584120085856838
IBS-11-CYK2020	0.9421561126046555
IBS-45-CYK2020	0.9614474355647054
HC-3-CYK2020	0.9512532800713766
IBS-57-CYK2020	0.9541316759566666
IBS-65-CYK2020	0.9203142204049446
IBS-64-CYK2020	0.9320022805421908
IBS-2-CYK2020	0.8883895849191702
IBS-56-CYK2020	0.9411210735485647
IBS-18-CYK2020	0.9102072385318868
IBS-49-CYK2020	0.9619574625197669
