genus	coefficient	abs_coefficient
Halomonas	3.0163158083755897	3.0163158083755897
Lactobacillus	0.9226956645782802	0.9226956645782802
Faecalibacterium	-0.8908315404102926	0.8908315404102926
UCG-002	0.8282071403063556	0.8282071403063556
Tuzzerella	0.7358281990380434	0.7358281990380434
Christensenellaceae_R-7_group	-0.6619990209126586	0.6619990209126586
Escherichia-Shigella	-0.6202462489189675	0.6202462489189675
Sutterella	-0.48826713111550535	0.48826713111550535
Acidaminococcus	-0.43734963838426805	0.43734963838426805
uncultured	-0.38572591060663197	0.38572591060663197
Parabacteroides	-0.3605587636558623	0.3605587636558623
[Ruminococcus]_gnavus_group	-0.280042177468279	0.280042177468279
UCG-005	0.2589351716486661	0.2589351716486661
Akkermansia	-0.22121303476374535	0.22121303476374535
UC5-1-2E3	0.20632542575333895	0.20632542575333895
Dialister	-0.19034780299986157	0.19034780299986157
DTU089	-0.17242108705621964	0.17242108705621964
Intestinibacter	-0.1456885851356052	0.1456885851356052
Coprobacter	-0.13500978250102044	0.13500978250102044
Megasphaera	-0.12280251403849557	0.12280251403849557
Coprobacillus	-0.11969281449696052	0.11969281449696052
CAG-56	0.09835952132770671	0.09835952132770671
Lachnospira	-0.08596298516785716	0.08596298516785716
Bacillus	0.0755382935038369	0.0755382935038369
Butyricicoccus	-0.073292283260875	0.073292283260875
Monoglobus	-0.039678114078189886	0.039678114078189886
Collinsella	-0.025101897467669963	0.025101897467669963
Haemophilus	0.020742598270552918	0.020742598270552918
Parasutterella	0.020605130393747256	0.020605130393747256
[Eubacterium]_ventriosum_group	-0.012815491889387538	0.012815491889387538
Faecalitalea	0.002333093018434944	0.002333093018434944
