sample-id,reads-raw,unique-reads-derep,reads-derep,unique-reads-deblur,reads-deblur,unique-reads-hit-artifact,reads-hit-artifact,unique-reads-chimeric,reads-chimeric,unique-reads-hit-reference,reads-hit-reference,unique-reads-missed-reference,reads-missed-reference
HC-1-CYK2020,37738,1128,30561,406,24651,0,0,127,318,218,24157,0,0
HC-10-CYK2020,45980,1353,36907,498,30266,0,0,148,429,277,29613,3,53
HC-11-CYK2020,29542,1009,24130,364,18459,0,0,50,135,256,18184,0,0
HC-12-CYK2020,42379,1519,32744,670,27390,0,0,93,250,425,26416,5,343
HC-13-CYK2020,31229,1079,23124,451,19242,0,0,69,159,294,18659,3,223
HC-14-CYK2020,31289,1130,24503,425,18944,0,0,70,203,286,18578,3,8
HC-15-CYK2020,41824,1578,30196,701,24538,0,0,119,320,406,23379,4,354
HC-16-CYK2020,53478,1549,41919,650,35564,0,0,180,500,395,34856,0,0
HC-17-CYK2020,33129,1196,26538,470,20769,0,0,95,282,287,19953,5,344
HC-18-CYK2020,30785,976,26009,507,21329,0,0,138,360,305,20827,0,0
HC-19-CYK2020,31768,1094,24997,438,19138,0,0,94,311,287,18126,6,560
HC-2-CYK2020,38190,1020,30383,427,24094,0,0,104,324,260,23550,1,56
HC-20-CYK2020,34121,1250,25815,605,21036,0,0,74,187,368,20374,3,115
HC-21-CYK2020,34960,1187,25841,463,20321,0,0,72,164,289,19921,0,0
HC-22-CYK2020,32800,1038,24343,348,20275,0,0,126,515,182,19127,2,526
HC-23-CYK2020,36132,1059,28628,455,24117,0,0,86,250,298,23390,6,321
HC-24-CYK2020,39844,1204,30965,490,25621,0,0,109,348,291,24931,1,124
HC-25-CYK2020,42629,1100,35803,432,30329,0,0,97,287,255,29795,1,19
HC-26-CYK2020,37132,1054,29917,378,24340,0,0,89,332,243,23894,0,0
HC-3-CYK2020,38368,1204,29827,431,24576,0,0,77,376,245,23891,4,73
HC-4-CYK2020,36798,1239,25175,622,20818,0,0,62,137,443,20221,2,77
HC-5-CYK2020,40442,1255,31665,639,26461,0,0,101,242,413,25770,3,136
HC-6-CYK2020,33626,1222,27237,462,21244,0,0,124,341,276,20751,0,0
HC-7-CYK2020,42854,1215,33791,486,28306,0,0,158,431,255,27695,4,19
HC-8-CYK2020,31923,1059,24929,483,20741,0,0,73,184,297,20186,2,84
HC-9-CYK2020,44492,1511,33625,530,27546,0,0,126,515,319,26747,5,93
IBS-1-CYK2020,50733,1487,38368,451,30269,0,0,88,273,294,29516,6,312
IBS-10-CYK2020,65373,1717,49527,390,39535,0,0,128,359,208,37890,3,1166
IBS-11-CYK2020,23731,635,18514,224,14359,0,0,30,69,161,14184,0,0
IBS-12-CYK2020,34134,1198,20259,324,14890,0,0,30,82,221,14538,1,70
IBS-13-CYK2020,40166,1023,33181,254,27361,0,0,98,257,131,27023,0,0
IBS-14-CYK2020,60246,1902,47587,804,37824,0,0,158,450,489,36728,2,141
IBS-15-CYK2020,37387,1692,25998,648,19250,0,0,30,70,397,18560,3,33
IBS-16-CYK2020,26677,854,15107,260,10958,0,0,16,37,193,10729,9,87
IBS-17-CYK2020,49294,1582,36121,630,28150,0,0,102,321,413,27390,6,142
IBS-18-CYK2020,39259,1232,24212,246,17880,0,0,67,240,147,17553,0,0
IBS-19-CYK2020,44678,1576,25710,506,20825,0,0,97,217,311,20228,4,67
IBS-2-CYK2020,58072,1408,50496,295,42123,0,0,149,563,113,41346,5,145
IBS-20-CYK2020,36573,1216,28865,425,20729,0,0,84,269,279,20270,0,0
IBS-21-CYK2020,36009,1349,26260,366,19369,0,0,58,254,247,18766,2,213
IBS-22-CYK2020,64119,2000,48692,502,39683,0,0,91,236,338,39210,4,45
IBS-23-CYK2020,36864,1022,29831,443,24966,0,0,107,332,268,24438,0,0
IBS-24-CYK2020,40793,1216,29661,262,23735,0,0,90,258,148,23422,0,0
IBS-25-CYK2020,34173,1243,27321,451,21793,0,0,119,347,255,21111,1,155
IBS-26-CYK2020,49576,1719,39305,560,31737,0,0,203,698,266,29853,2,969
IBS-27-CYK2020,41803,1204,34567,496,27016,0,0,152,367,285,26220,5,287
IBS-28-CYK2020,29124,1177,22536,487,17848,0,0,142,398,267,17258,1,34
IBS-29-CYK2020,29373,1096,22029,397,17549,0,0,98,285,242,17019,3,117
IBS-3-CYK2020,53931,1827,35949,657,28038,0,0,67,290,446,27176,3,177
IBS-30-CYK2020,47855,1323,37497,455,31343,0,0,153,713,234,30441,0,0
IBS-31-CYK2020,34590,1310,26306,493,21678,0,0,89,244,309,21165,4,39
IBS-32-CYK2020,39992,1148,10709,301,6158,0,0,40,119,152,5738,3,75
IBS-33-CYK2020,29238,1156,22430,483,18566,0,0,117,408,226,17444,6,324
IBS-34-CYK2020,47019,1301,36169,374,30258,0,0,80,236,253,29888,1,3
IBS-35-CYK2020,48963,1477,37973,495,30802,0,0,110,368,302,29966,2,259
IBS-36-CYK2020,40310,1181,32578,549,26380,0,0,144,553,332,25370,2,277
IBS-37-CYK2020,46229,1293,37088,388,30711,0,0,104,257,238,30329,0,0
IBS-38-CYK2020,30290,1243,21654,350,15357,0,0,60,256,210,14909,0,0
IBS-39-CYK2020,58403,1840,41585,784,34966,0,0,112,282,464,34060,2,24
IBS-4-CYK2020,59268,1929,41145,586,33217,0,0,102,433,367,32405,0,0
IBS-40-CYK2020,29607,898,24407,280,19576,0,0,68,181,169,19274,0,0
IBS-41-CYK2020,29339,1118,20380,482,16964,0,0,106,875,292,15860,1,2
IBS-42-CYK2020,33735,1189,23478,488,18486,0,0,124,304,295,17985,0,0
IBS-43-CYK2020,43209,1545,33403,678,27047,0,0,159,383,376,26290,0,0
IBS-44-CYK2020,55214,1668,41595,429,33091,0,0,103,285,269,32639,0,0
IBS-45-CYK2020,27947,1175,21432,346,14786,0,0,103,464,188,14168,1,8
IBS-46-CYK2020,25186,847,13490,219,9946,0,0,19,45,173,9412,2,418
IBS-47-CYK2020,37343,1105,30447,436,26464,0,0,102,321,283,24740,4,1295
IBS-48-CYK2020,36456,1183,27199,547,22133,0,0,81,222,388,21697,0,0
IBS-49-CYK2020,56573,1718,38917,463,31389,0,0,133,528,268,29469,3,1267
IBS-5-CYK2020,43134,1324,33038,384,26608,0,0,122,357,202,26059,2,49
IBS-50-CYK2020,31490,1114,20270,282,14946,0,0,47,467,169,14307,0,0
IBS-51-CYK2020,33914,1181,28182,703,23920,0,0,66,161,437,23194,0,0
IBS-52-CYK2020,26593,1110,19716,338,14909,0,0,79,256,196,13786,3,718
IBS-53-CYK2020,43021,1251,31818,236,25129,0,0,63,192,144,24858,0,0
IBS-54-CYK2020,49454,1344,39467,361,32048,0,0,112,505,203,31252,1,167
IBS-55-CYK2020,42423,1227,29270,331,23194,0,0,36,87,266,23015,0,0
IBS-56-CYK2020,39687,1070,31451,218,27295,0,0,59,164,142,27088,0,0
IBS-57-CYK2020,44595,1324,35239,461,28909,0,0,229,714,178,28064,0,0
IBS-58-CYK2020,37310,1702,28518,879,22330,0,0,293,824,411,21100,0,0
IBS-59-CYK2020,43351,1407,34864,501,28135,0,0,158,493,260,27457,0,0
IBS-6-CYK2020,55621,1609,41016,505,34093,0,0,130,491,299,33106,4,301
IBS-60-CYK2020,35369,1062,24799,477,20144,0,0,37,139,335,19665,5,82
IBS-61-CYK2020,36269,1333,26129,734,20981,0,0,73,238,459,19891,2,314
IBS-62-CYK2020,32800,980,25345,361,18616,0,0,50,123,250,18216,6,80
IBS-63-CYK2020,34671,1286,24881,595,20428,0,0,84,265,341,19497,2,273
IBS-64-CYK2020,32288,936,23676,341,19289,0,0,69,356,223,18556,3,259
IBS-65-CYK2020,38733,1320,30046,418,24108,0,0,149,415,214,23568,0,0
IBS-66-CYK2020,37735,1218,28440,391,22331,0,0,85,391,215,21434,5,324
IBS-67-CYK2020,39185,1162,28880,454,23128,0,0,68,343,339,22587,6,77
IBS-68-CYK2020,59091,1804,41575,355,30667,0,0,121,334,192,30226,0,0
IBS-69-CYK2020,42203,1222,33175,503,28539,0,0,118,448,299,27865,0,0
IBS-7-CYK2020,53831,1675,42179,718,34384,0,0,121,445,454,33520,0,0
IBS-70-CYK2020,65290,2036,34623,399,25152,0,0,81,217,249,24557,2,174
IBS-71-CYK2020,46483,1562,31746,677,24436,0,0,72,211,475,23808,1,33
IBS-72-CYK2020,38626,1545,29430,689,24059,0,0,137,439,407,23105,8,96
IBS-73-CYK2020,22479,645,17939,262,14861,0,0,22,61,203,14603,4,102
IBS-74-CYK2020,60839,1798,44008,589,35636,0,0,102,424,388,34764,4,229
IBS-75-CYK2020,55323,1548,42000,460,35178,0,0,87,518,314,34327,2,214
IBS-76-CYK2020,61570,1721,45487,401,33886,0,0,123,418,215,33295,0,0
IBS-77-CYK2020,57172,1492,47426,385,37217,0,0,131,397,201,36668,0,0
IBS-78-CYK2020,50890,1453,40111,500,32094,0,0,112,281,294,31008,5,551
IBS-79-CYK2020,30444,928,25766,486,22639,0,0,79,252,314,21828,2,299
IBS-8-CYK2020,72601,2236,52973,603,41769,0,0,113,509,404,40096,3,920
IBS-80-CYK2020,27089,742,23080,270,18795,0,0,112,377,124,18339,0,0
IBS-81-CYK2020,70522,2274,45836,892,35938,0,0,98,354,528,34581,2,105
IBS-82-CYK2020,32817,852,27406,255,21867,0,0,79,317,156,21502,0,0
IBS-83-CYK2020,47707,1473,36876,501,29934,0,0,82,188,307,29177,3,260
IBS-84-CYK2020,52783,1571,38278,486,29783,0,0,99,222,312,28470,6,916
IBS-85-CYK2020,45306,1398,37401,510,31195,0,0,136,806,267,29841,3,296
IBS-9-CYK2020,55739,1814,20897,311,11874,0,0,54,141,168,11488,2,20
