taxon	kraken2_percent	centrifuge_abundance_percent
Enterobacter roggenkampii	17.060000	0.000000
Clostridium butyricum	0.960000	2.216280
Homo sapiens	0.380000	0.000327
Clostridium perfringens	0.360000	1.299770
Enterobacter hormaechei	0.220000	1.000710
Enterobacter asburiae	0.200000	1.193130
Citrobacter freundii	0.200000	0.461822
Klebsiella variicola	0.190000	1.119490
Enterococcus faecalis	0.120000	7.445480
Enterobacter cloacae	0.070000	1.575310
Enterobacter cloacae complex 'Hoffmann cluster IV'	0.000000	39.846200
Enterobacter cloacae complex sp. 35734	0.000000	37.801400
Klebsiella pneumoniae	0.040000	1.370640
