taxon	read_count	relative_abundance_percent
Unclassified	6483	27.7407
g__Bacteroides	5048	21.6003
g__Solibacillus	2012	8.6093
g__Stenotrophomonas	1410	6.0334
g__Bifidobacterium	1103	4.7197
g__Delftia	694	2.9696
g__Faecalibacterium	689	2.9482
g__Erysipelatoclostridium	673	2.8798
g__Escherichia-Shigella	552	2.3620
g__Mitsuokella	545	2.3320
g__Subdoligranulum	408	1.7458
g__Lysinibacillus	340	1.4549
g__Dialister	272	1.1639
g__Christensenellaceae_R-7_group	259	1.1083
g__Acidaminococcus	252	1.0783
g__Clostridia_UCG-014	239	1.0227
g__Streptococcus	205	0.8772
g__Enterococcus	170	0.7274
g__UCG-002	167	0.7146
g__Klebsiella	156	0.6675
g__Parabacteroides	148	0.6333
g__Sporosarcina	118	0.5049
g__Holdemanella	113	0.4835
g__Phascolarctobacterium	112	0.4792
g__[Eubacterium]_coprostanoligenes_group	98	0.4193
g__Macellibacteroides	81	0.3466
g__Paucisalibacillus	71	0.3038
g__Pseudomonas	68	0.2910
g__[Eubacterium]_ruminantium_group	64	0.2739
g__Megasphaera	62	0.2653
g__[Clostridium]_innocuum_group	56	0.2396
g__Collinsella	50	0.2139
g__Paraprevotella	48	0.2054
g__uncultured	47	0.2011
g__Flavonifractor	43	0.1840
g__Incertae_Sedis	37	0.1583
g__Chloroplast	35	0.1498
g__UCG-005	34	0.1455
g__Alistipes	31	0.1326
g__Proteus	27	0.1155
g__Erysipelotrichaceae_UCG-003	23	0.0984
g__Fastidiosipila	21	0.0899
g__Muribaculaceae	19	0.0813
g__Eggerthella	18	0.0770
g__Prevotella	17	0.0727
g__Haemophilus	17	0.0727
g__UBA1819	17	0.0727
g__Lachnospiraceae_UCG-010	16	0.0685
g__Candidatus_Caldatribacterium	15	0.0642
g__Clostridium_sensu_stricto_1	15	0.0642
g__Monoglobus	14	0.0599
g__Megamonas	13	0.0556
g__Ralstonia	13	0.0556
g__Dietzia	13	0.0556
g__Senegalimassilia	12	0.0513
g__Bacillus	12	0.0513
g__Lacticaseibacillus	11	0.0471
g__Syner-01	11	0.0471
g__Butyricicoccus	11	0.0471
g__Bilophila	11	0.0471
g__UCG-010	11	0.0471
g__Anaerotruncus	10	0.0428
g__Dysgonomonadaceae	10	0.0428
g__Veillonella	10	0.0428
g__Prevotellaceae_NK3B31_group	10	0.0428
