Feature ID	Taxon	Confidence
ab9fb3638763050198aba2afaaeeb71e	d__Bacteria;p__Bacteroidota;c__Bacteroidia;o__Bacteroidales;f__Bacteroidaceae;g__Bacteroides;s__	0.9901479340159756
092e455a308a280f0cdf9a3d9f1bcb32	d__Bacteria;p__Firmicutes;c__Bacilli;o__Bacillales;f__Planococcaceae;g__Solibacillus;s__	0.7677472809560034
38f3bc8ef8836574de0fcbeafd348b65	d__Bacteria;p__Proteobacteria;c__Gammaproteobacteria;o__Xanthomonadales;f__Xanthomonadaceae;g__Stenotrophomonas;s__	0.909327475399491
d5cc6b2f37bd565986b1e8314c4bacf3	d__Bacteria;p__Firmicutes;c__Clostridia;o__Lachnospirales;f__Lachnospiraceae	0.9999202232503535
622edbd3ac883a5c66d350d7bbe77c9d	d__Bacteria;p__Bacteroidota;c__Bacteroidia;o__Bacteroidales;f__Bacteroidaceae;g__Bacteroides;s__	0.9951888720519759
3baff11a8329edc376bb7f81430526a0	d__Bacteria;p__Proteobacteria;c__Gammaproteobacteria;o__Burkholderiales;f__Comamonadaceae;g__Delftia;s__	0.9027289322575786
f2284bdd0da6651e111c7fbd62279b82	d__Bacteria;p__Firmicutes;c__Bacilli;o__Erysipelotrichales;f__Erysipelatoclostridiaceae;g__Erysipelatoclostridium;s__	0.9981829808137599
cc4c64112d41dcb5ce09f8b13c5bbd53	d__Bacteria;p__Bacteroidota;c__Bacteroidia;o__Bacteroidales;f__Bacteroidaceae;g__Bacteroides;s__	0.9886846491449667
c5083dcce5a856b1bfccfe4141105618	d__Bacteria;p__Proteobacteria;c__Alphaproteobacteria;o__Rhizobiales;f__Rhizobiaceae	0.9833024060879222
ea309fa8ca473bfde047096f82f2ba8d	d__Bacteria;p__Proteobacteria;c__Gammaproteobacteria;o__Enterobacterales;f__Enterobacteriaceae;g__Escherichia-Shigella;s__	0.978149142539468
c9631a324222b3c0e6ac611475da62a6	d__Bacteria;p__Firmicutes;c__Clostridia;o__Lachnospirales;f__Lachnospiraceae	0.999251757349908
7da39f3845eddaefb068ce04cd2e0b51	d__Bacteria;p__Firmicutes;c__Clostridia;o__Oscillospirales;f__Ruminococcaceae;g__Faecalibacterium;s__	0.9993800628045887
21b7a587bb633787780101fbe6b4bb1b	d__Bacteria;p__Actinobacteriota;c__Actinobacteria;o__Bifidobacteriales;f__Bifidobacteriaceae;g__Bifidobacterium;s__	0.9977159918007701
c13f05ef85d67ee9368b4b200ba58706	d__Bacteria;p__Firmicutes;c__Clostridia;o__Oscillospirales;f__Ruminococcaceae;g__Subdoligranulum;s__	0.9943570936802378
3adb05e41f2101437b2e453762840445	d__Bacteria;p__Bacteroidota;c__Bacteroidia;o__Bacteroidales;f__Bacteroidaceae;g__Bacteroides;s__	0.9925930665415668
4cd420962855afdf0bc69bb268b846c7	d__Bacteria;p__Proteobacteria;c__Alphaproteobacteria;o__Sphingomonadales;f__Sphingomonadaceae	0.9999668187473655
25db9a6d0d1cadebfaa95cbece462abd	d__Bacteria;p__Actinobacteriota;c__Actinobacteria;o__Bifidobacteriales;f__Bifidobacteriaceae;g__Bifidobacterium;s__	0.9986075490653182
5bdea24ead3e52687318c293c4adecef	d__Bacteria;p__Firmicutes;c__Negativicutes;o__Veillonellales-Selenomonadales;f__Selenomonadaceae;g__Mitsuokella;s__	0.9949354456768414
8f3966550eaac954f385da6926d175a6	d__Bacteria;p__Firmicutes;c__Bacilli;o__Bacillales;f__Planococcaceae;g__Lysinibacillus;s__	0.8800286636473937
f9a91e0d219b40750e00e1e4d9a3ab31	d__Bacteria;p__Firmicutes;c__Bacilli;o__Lactobacillales	0.9996773970114957
58268e5ade0c5de7c8f0f6072e750366	d__Bacteria;p__Firmicutes;c__Clostridia;o__Lachnospirales;f__Lachnospiraceae	0.9999876483535675
774ff40e3a6504101e22a2d22162eea9	d__Bacteria;p__Bacteroidota;c__Bacteroidia;o__Bacteroidales;f__Bacteroidaceae;g__Bacteroides;s__	0.9926300958205015
975173cba31b69dc1997f15017730ede	d__Bacteria;p__Proteobacteria;c__Gammaproteobacteria;o__Enterobacterales	0.9991042917669046
102f9471315f0a3b78fdc6e8ca9f8bcc	d__Bacteria;p__Firmicutes;c__Negativicutes;o__Acidaminococcales;f__Acidaminococcaceae;g__Acidaminococcus;s__	0.9760600387468623
3a87ee1ba6e69009cdb28688a3db4c8a	d__Bacteria;p__Actinobacteriota;c__Actinobacteria;o__Bifidobacteriales;f__Bifidobacteriaceae;g__Bifidobacterium;s__	0.9760537333284205
c4192384e848db68263c2ef810c06ca9	d__Bacteria;p__Firmicutes;c__Clostridia;o__Oscillospirales;f__Ruminococcaceae;g__Faecalibacterium;s__	0.9979566795663187
40b2c74ca81044b4482ca5199d9b2d2b	d__Bacteria;p__Firmicutes;c__Bacilli;o__Lactobacillales;f__Streptococcaceae;g__Streptococcus;s__	0.9947498671178079
7d10084797ff914122b05adc67fa64f5	d__Bacteria;p__Firmicutes;c__Clostridia;o__Lachnospirales;f__Lachnospiraceae	0.9993095115040971
7e0472d28299d4efdb53968ed2c4a53c	d__Bacteria;p__Firmicutes;c__Negativicutes;o__Acidaminococcales;f__Acidaminococcaceae	0.7122378513069967
27ba2e256f99f1993e8a501012e2d40c	d__Bacteria;p__Proteobacteria;c__Gammaproteobacteria;o__Enterobacterales;f__Enterobacteriaceae;g__Klebsiella;s__	0.8555000649631704
86065960547475fa04238cecb1ca77ae	d__Bacteria;p__Firmicutes;c__Negativicutes;o__Veillonellales-Selenomonadales;f__Selenomonadaceae;g__Mitsuokella;s__	0.9989306507447894
b2e4cb5a813ad3df755f99ba564dca55	d__Bacteria;p__Proteobacteria;c__Gammaproteobacteria;o__Enterobacterales	0.9991784654155623
693107a28a517837ff6f60d9c3fb9d41	d__Bacteria;p__Firmicutes;c__Clostridia;o__Lachnospirales;f__Lachnospiraceae	0.9999908999063926
39a7185343a9e4f2be7fe0e18e60ea55	d__Bacteria;p__Firmicutes;c__Clostridia;o__Oscillospirales	0.7922060870160584
760f4fbdf0bc6b2adfe95632f24b8bc7	d__Bacteria;p__Firmicutes;c__Negativicutes;o__Veillonellales-Selenomonadales;f__Veillonellaceae;g__Dialister;s__	0.7667884456726682
b349646e1a40dd1b71a6320dcd64ae70	d__Bacteria;p__Firmicutes;c__Negativicutes;o__Veillonellales-Selenomonadales;f__Veillonellaceae;g__Dialister;s__	0.9489120862994407
e9f3db5429068c2696ecef9453b8fc33	d__Bacteria;p__Bacteroidota;c__Bacteroidia;o__Bacteroidales;f__Bacteroidaceae;g__Bacteroides;s__	0.8600712391434469
89e32e8d88cbc87fd860451144c5b35d	d__Bacteria;p__Firmicutes;c__Clostridia;o__Lachnospirales;f__Lachnospiraceae	0.9999592176602837
077096273d3ff2f3b7754151b7f67053	d__Bacteria;p__Firmicutes;c__Bacilli;o__Lactobacillales;f__Enterococcaceae	0.9640363079626522
1c012fde45f08e9aca62a4981d6da385	d__Bacteria;p__Firmicutes;c__Bacilli;o__Bacillales;f__Planococcaceae;g__Sporosarcina;s__	0.9732212322515849
252e8e088b106d7c66336dd2a9201f34	d__Bacteria;p__Firmicutes;c__Clostridia;o__Clostridia_UCG-014;f__Clostridia_UCG-014;g__Clostridia_UCG-014;s__	0.9998358301732618
4935810b4c0fed8826367e87788725f8	d__Bacteria;p__Firmicutes;c__Negativicutes;o__Acidaminococcales;f__Acidaminococcaceae;g__Phascolarctobacterium;s__	0.9994191608205257
1cb0ac238fecf3f7179e9d1a736a198f	d__Bacteria;p__Bacteroidota;c__Bacteroidia;o__Bacteroidales;f__Prevotellaceae	0.9997018512338129
7c4834fedd2c9f41b8551025fdda675b	d__Bacteria;p__Proteobacteria;c__Gammaproteobacteria;o__Enterobacterales	0.9985472077288398
ad38e4633094d6db17e1a6b29ff35898	d__Bacteria;p__Firmicutes;c__Bacilli;o__Lactobacillales;f__Enterococcaceae;g__Enterococcus;s__	0.7166893476735714
056518d30c381e17b0d6f09978d4a5eb	d__Bacteria;p__Bacteroidota;c__Bacteroidia;o__Bacteroidales;f__Bacteroidaceae;g__Bacteroides;s__	0.9950089366568822
ee71112edf937fe23f25fc684eb7054a	d__Bacteria;p__Firmicutes;c__Clostridia;o__Oscillospirales;f__Oscillospiraceae;g__UCG-002;s__	0.8770679061793936
486a6f5a5c4fe0e6c17d4a38bee02271	d__Bacteria;p__Firmicutes;c__Clostridia;o__Christensenellales;f__Christensenellaceae;g__Christensenellaceae_R-7_group;s__	0.8011451187329683
d4cbe1dc87d547f644fc9b3bbbe30b12	d__Bacteria;p__Firmicutes;c__Clostridia;o__Oscillospirales;f__Oscillospiraceae;g__UCG-002;s__	0.8236383631709735
087a0fa3affc99fec6ad4e2bc2a87eee	d__Bacteria;p__Firmicutes;c__Clostridia;o__Clostridiales;f__Clostridiaceae	0.9967038772654162
1293064a42deaf1baa206897628ff72f	d__Bacteria;p__Firmicutes;c__Clostridia;o__Lachnospirales;f__Lachnospiraceae	0.9999660474639694
381f5cfa559c2a7d36cc5cb57f41d858	d__Bacteria;p__Proteobacteria;c__Gammaproteobacteria;o__Burkholderiales;f__Comamonadaceae	0.9992384315371394
b70d62f3bbdae1288415aa648f6e8b1e	d__Bacteria;p__Bacteroidota;c__Bacteroidia;o__Bacteroidales	0.9992787848356943
2cc6e5005917e4c85ff2a3c1ff8409ec	d__Bacteria;p__Actinobacteriota;c__Actinobacteria;o__Bifidobacteriales;f__Bifidobacteriaceae;g__Bifidobacterium;s__	0.9571214065091961
a997cbc0f57a7f476ad4d9319d11fc92	d__Bacteria;p__Firmicutes;c__Clostridia;o__Lachnospirales;f__Lachnospiraceae;g__[Eubacterium]_ruminantium_group;s__	0.7442626284215701
9f3082f418482bd9892be37ee18dcef9	d__Bacteria;p__Firmicutes;c__Clostridia;o__Oscillospirales;f__Ruminococcaceae	0.9249690521811476
2d69a10865cc89364c2e6d6797ed1bb0	d__Bacteria;p__Firmicutes;c__Clostridia;o__Christensenellales;f__Christensenellaceae;g__Christensenellaceae_R-7_group;s__	0.7326920788071937
234e15e82d64f2e1d61802fa8ea1998a	d__Bacteria;p__Firmicutes;c__Clostridia;o__Clostridiales;f__Clostridiaceae	0.9992464372922053
80c6ea8df01e7fc67e00cc8b4fb59c61	d__Bacteria;p__Firmicutes;c__Bacilli;o__Erysipelotrichales;f__Erysipelotrichaceae;g__[Clostridium]_innocuum_group;s__	0.9964501141844259
32447750e1789ac88b9f7c842a9d9ee7	d__Bacteria;p__Firmicutes;c__Bacilli;o__Bacillales;f__Bacillaceae;g__Paucisalibacillus;s__	0.9466338054099913
a6486714ba51e20cb1dcb8e02cf30814	d__Bacteria;p__Bacteroidota;c__Bacteroidia;o__Bacteroidales;f__Bacteroidaceae;g__Bacteroides;s__	0.992226301966896
132fb6fa470e78670a2f83c63de9d632	d__Bacteria;p__Firmicutes;c__Clostridia	0.9310411001989033
5ca6b968fa67e8885816e0ad64636b77	d__Bacteria;p__Bacteroidota;c__Bacteroidia;o__Bacteroidales;f__Tannerellaceae;g__Parabacteroides;s__	0.996991302283332
ddf910a42d2c9dda55fc115cf387abf0	d__Bacteria;p__Firmicutes;c__Clostridia;o__Oscillospirales;f__Oscillospiraceae	0.9133272379154092
45107a3ca78054cd45901bb0c1d23d42	d__Bacteria;p__Proteobacteria;c__Gammaproteobacteria;o__Pseudomonadales;f__Pseudomonadaceae;g__Pseudomonas;s__	0.9747263754881322
05e3eb5b5a2cffb07a3c66eb02ea2d86	d__Bacteria;p__Actinobacteriota;c__Actinobacteria;o__Bifidobacteriales;f__Bifidobacteriaceae;g__Bifidobacterium;s__	0.9866091669049954
28a91f4665ffc83744ab03bcbbe1359c	d__Bacteria;p__Actinobacteriota;c__Coriobacteriia;o__Coriobacteriales;f__Coriobacteriaceae;g__Collinsella;s__	0.9904753237853181
ab923f1dc4ef449826cbcc361f1387c4	d__Bacteria;p__Firmicutes;c__Clostridia;o__Oscillospirales;f__Oscillospiraceae	0.9889172513686717
bc78ee7297b6912452be0865d113f7ad	d__Bacteria;p__Proteobacteria;c__Gammaproteobacteria;o__Enterobacterales;f__Enterobacteriaceae	0.9670176490519975
ddd9bc61a80385467e92ca90f911c866	d__Bacteria;p__Bacteroidota;c__Bacteroidia;o__Bacteroidales;f__Prevotellaceae;g__Paraprevotella;s__	0.9697685746157686
6b7154e550d4f1e99c92c96bbf8a94f3	d__Bacteria;p__Firmicutes;c__Bacilli;o__Erysipelotrichales;f__Erysipelotrichaceae;g__Holdemanella;s__	0.9977405649657615
dab9a6f18275d25e75a5d2c56d409baf	d__Bacteria;p__Firmicutes;c__Bacilli;o__Erysipelotrichales;f__Erysipelotrichaceae;g__Holdemanella;s__	0.9973232502904913
199340bb1bd6530095d8a71ca479e6a6	d__Bacteria;p__Bacteroidota;c__Bacteroidia;o__Bacteroidales;f__Tannerellaceae;g__Parabacteroides;s__	0.9829130896761304
99af7b53748f960c63a123a2a1e9e1a6	d__Bacteria;p__Proteobacteria;c__Gammaproteobacteria;o__Enterobacterales;f__Enterobacteriaceae	0.9633325881477686
7b99c0132e3c32bcd8fd73e11918d1d7	d__Bacteria;p__Firmicutes;c__Negativicutes;o__Veillonellales-Selenomonadales;f__Selenomonadaceae;g__Mitsuokella;s__	0.9891244058414315
ad5aec47ed419cdd3eda0827c54c3c27	d__Bacteria;p__Firmicutes;c__Bacilli;o__Lactobacillales;f__Enterococcaceae;g__Enterococcus;s__	0.8022653177861602
ba8707aa88a2a62939d9338189b2a733	d__Bacteria;p__Proteobacteria;c__Gammaproteobacteria;o__Enterobacterales;f__Enterobacteriaceae	0.953289758072667
5876d77675d6713382270f5404d215da	d__Bacteria;p__Firmicutes;c__Clostridia;o__Oscillospirales;f__Oscillospiraceae;g__Flavonifractor;s__	0.7849846593925877
6bef93af81eedee7be4a96b3e780927a	d__Bacteria;p__Bacteroidota;c__Bacteroidia;o__Bacteroidales;f__Prevotellaceae	0.7234015437468249
e296cd174bc91e0af14a80ab54e6d9b8	d__Bacteria;p__Firmicutes;c__Clostridia;o__Christensenellales;f__Christensenellaceae;g__Christensenellaceae_R-7_group;s__	0.78136511205818
8c0f63b49d4f53a83e313a452acf1f7d	d__Bacteria;p__Firmicutes;c__Bacilli;o__Bacillales;f__Planococcaceae	0.9995155656649783
ea1a8585f303e6f86a68d69ce9798bdc	d__Bacteria;p__Firmicutes;c__Clostridia;o__Oscillospirales;f__Oscillospiraceae	0.9301029070831344
42d475083a4fe126f1b79812b8158930	d__Bacteria;p__Firmicutes;c__Clostridia;o__Clostridia_UCG-014;f__Clostridia_UCG-014;g__Clostridia_UCG-014;s__	0.9997078804078539
c23f6ce7258b2e48649bcdb07afc9f09	d__Bacteria;p__Firmicutes;c__Clostridia;o__Oscillospirales;f__Hungateiclostridiaceae	0.7846118409147589
3e8b74172174f7955e660a4ddcbd56ec	d__Bacteria;p__Proteobacteria;c__Gammaproteobacteria;o__Burkholderiales;f__Comamonadaceae	0.9989506460038101
e8303699e1c878ed379cef10945c50a2	d__Bacteria;p__Firmicutes;c__Clostridia;o__Lachnospirales;f__Lachnospiraceae	0.9999873746210216
8b802b02b87a6c760dcf89c00e71e014	d__Bacteria;p__Firmicutes;c__Negativicutes;o__Veillonellales-Selenomonadales;f__Veillonellaceae;g__Megasphaera;s__	0.9999843340249035
4a848fa05fe1592bcf371ff8dc8305b3	d__Bacteria;p__Cyanobacteria;c__Cyanobacteriia;o__Chloroplast;f__Chloroplast;g__Chloroplast;s__	0.9832370433260703
0596f7ab30a99d4919d40492ff1fe570	d__Bacteria;p__Bacteroidota;c__Bacteroidia;o__Bacteroidales;f__Bacteroidaceae;g__Bacteroides;s__	0.9858558904198462
12c335b02a9bf7c9d843d6582f3504a9	d__Bacteria;p__Firmicutes;c__Clostridia;o__Oscillospirales;f__Oscillospiraceae;g__UCG-005;s__	0.9705256340062252
0f233445c184999f7f5fb8d808d7ed06	d__Bacteria;p__Chloroflexi;c__Anaerolineae;o__Anaerolineales;f__Anaerolineaceae;g__uncultured;s__	0.9710423443886028
93a8a716ddc475ccc818c5178e18dfc3	d__Bacteria;p__Firmicutes;c__Clostridia;o__Clostridiales;f__Clostridiaceae	0.9921792516852259
41472d4212d260e7131d1aaaf3ceaacc	d__Bacteria;p__Firmicutes;c__Clostridia;o__Oscillospirales;f__[Eubacterium]_coprostanoligenes_group;g__[Eubacterium]_coprostanoligenes_group;s__	0.7803364293693826
d78003f13712da48d0bb36fd45116b91	d__Bacteria;p__Proteobacteria;c__Alphaproteobacteria;o__Caulobacterales;f__Caulobacteraceae	0.9999900054958819
ae67ae59babb2bf407adf011fc3a1698	d__Bacteria;p__Bacteroidota;c__Bacteroidia;o__Bacteroidales;f__Rikenellaceae;g__Alistipes;s__	0.9977387584661738
772bc931f5b3d92e812a73f2c1594a7f	d__Bacteria;p__Firmicutes;c__Clostridia;o__Peptostreptococcales-Tissierellales;f__Peptostreptococcaceae	0.9998006634750792
6b3b6e6f22e5870966586c78d1c837db	d__Bacteria;p__Bacteroidota;c__Bacteroidia;o__Bacteroidales;f__Tannerellaceae;g__Macellibacteroides;s__	0.9975605774592251
476349207f4ac8cb9da90081e52c088f	d__Bacteria;p__Proteobacteria;c__Gammaproteobacteria;o__Enterobacterales	0.9966804050986292
28ba3de486e655bc4b6a50a5d668685b	d__Bacteria;p__Firmicutes	0.9727534846678723
cf0cd61921eb232d2f67d0ed30650710	d__Bacteria;p__Bacteroidota;c__Bacteroidia;o__Bacteroidales;f__Tannerellaceae;g__Macellibacteroides;s__	0.9987858892008461
325827538641fe8b411860106fa30e71	d__Bacteria;p__Firmicutes;c__Clostridia;o__Oscillospirales;f__[Eubacterium]_coprostanoligenes_group;g__[Eubacterium]_coprostanoligenes_group;s__	0.7694969057741458
de8bb5c39fb121fd048dfe0d639e6e8a	d__Bacteria;p__Proteobacteria;c__Gammaproteobacteria;o__Enterobacterales;f__Enterobacteriaceae	0.9215901692688329
fc7b2697a1a0e6645ae1c64368bcf27c	d__Bacteria;p__Firmicutes;c__Bacilli;o__Bacillales;f__Bacillaceae	0.8827898848592506
e9bfe75540168be5108de9f3e7139724	d__Bacteria;p__Firmicutes;c__Negativicutes;o__Veillonellales-Selenomonadales;f__Veillonellaceae;g__Megasphaera;s__	0.9547472348673148
a9b940f55dfd2a664cd72f52f98d99a7	d__Bacteria;p__Bacteroidota;c__Bacteroidia;o__Bacteroidales;f__Bacteroidaceae;g__Bacteroides;s__	0.9930109320680601
eb09884d43ce70c3ed0b84b0935ab229	d__Bacteria;p__Proteobacteria;c__Gammaproteobacteria;o__Enterobacterales;f__Morganellaceae;g__Proteus;s__	0.9050402139893893
a94dcd0b108e33ccd2169db4fb17ce33	d__Bacteria;p__Firmicutes;c__Clostridia;o__Clostridia_UCG-014;f__Clostridia_UCG-014;g__Clostridia_UCG-014;s__	0.9998531277454329
ac1ca7224c2e052e03a9fba6a106bb50	d__Bacteria;p__Firmicutes;c__Clostridia;o__Lachnospirales;f__Lachnospiraceae	0.9998642398911107
efb7e48b9a41010c3876cf86ded3b74a	d__Bacteria;p__Bacteroidota;c__Bacteroidia;o__Bacteroidales;f__Bacteroidaceae;g__Bacteroides;s__	0.9349214645884882
a64e819a5e7fc79614f4e6b08adc5d09	d__Bacteria;p__Bacteroidota;c__Bacteroidia;o__Bacteroidales;f__Tannerellaceae;g__Parabacteroides;s__	0.9995421418260635
737fa2cdd32a4c438ed0fedd7499c6f4	d__Bacteria;p__Firmicutes;c__Clostridia	0.9934864933454972
6d50b767e6e6f3e46d034555fd8c979b	d__Bacteria;p__Firmicutes;c__Clostridia;o__Clostridiales;f__Clostridiaceae	0.7146215146872993
48fad3715e9a40196e45013bb877b163	d__Bacteria;p__Firmicutes;c__Clostridia;o__Christensenellales;f__Christensenellaceae;g__Christensenellaceae_R-7_group;s__	0.744580328760039
b52864b6dca583adfe6781260a1df1a5	d__Bacteria;p__Proteobacteria;c__Alphaproteobacteria;o__Rhizobiales;f__Xanthobacteraceae	0.9313364097158185
a9f69827644fab365b5b8d8cd6ddaf8f	d__Bacteria;p__Firmicutes;c__Clostridia;o__Lachnospirales;f__Lachnospiraceae	0.9999849064127653
7da8f4e0acd21696fa576799c7009f19	d__Bacteria;p__Firmicutes;c__Bacilli;o__Erysipelotrichales;f__Erysipelatoclostridiaceae;g__Erysipelotrichaceae_UCG-003;s__	0.9999052572618501
b18eaf0dc293f22f7f6b751aa9d925c2	d__Bacteria;p__Proteobacteria;c__Gammaproteobacteria;o__Enterobacterales;f__Enterobacteriaceae	0.9321725219652915
6fc68b1fd31c5aa34e0ff12d6de95510	d__Bacteria;p__Firmicutes;c__Clostridia;o__Clostridia_UCG-014;f__Clostridia_UCG-014;g__Clostridia_UCG-014;s__	0.999938303787603
e9ae51debde8c20164783bfdf716422c	d__Bacteria;p__Firmicutes;c__Clostridia;o__Oscillospirales;f__[Eubacterium]_coprostanoligenes_group;g__[Eubacterium]_coprostanoligenes_group;s__	0.9452428163732749
de9c633b3f48c0f386e0e2cddd6fcb61	d__Bacteria;p__Bacteroidota;c__Bacteroidia;o__Bacteroidales;f__Tannerellaceae;g__Macellibacteroides;s__	0.99891327806132
248420b8ea0a91339f0570f44b1381c7	d__Bacteria;p__Firmicutes;c__Clostridia;o__Oscillospirales;f__Hungateiclostridiaceae;g__Fastidiosipila;s__	0.9661243389578227
70416cafb016060df8168ac46a4810f6	d__Bacteria;p__Firmicutes;c__Clostridia;o__Oscillospirales;f__Ruminococcaceae;g__Incertae_Sedis;s__	0.9872538146768342
2d8bd5a348403739dcc227a5acc0d443	d__Bacteria;p__Firmicutes;c__Clostridia;o__Christensenellales;f__Christensenellaceae;g__Christensenellaceae_R-7_group;s__	0.834508288738715
4e8f11959af72a62d3faa7720b3a690e	d__Bacteria;p__Firmicutes;c__Clostridia;o__Oscillospirales;f__Ruminococcaceae	0.8419096745179793
0d750e53446262b93bd4dfb21bcf9dae	d__Bacteria;p__Proteobacteria;c__Gammaproteobacteria;o__Pseudomonadales;f__Halomonadaceae	0.9805945722288933
52297ee07b295b0cc18864b069546dbc	d__Bacteria;p__Actinobacteriota;c__Coriobacteriia;o__Coriobacteriales;f__Eggerthellaceae	0.9466510451417899
1d0e01a23712c5e1bf5be8ea2d07ef91	d__Bacteria;p__Bacteroidota;c__Bacteroidia;o__Bacteroidales;f__Bacteroidaceae;g__Bacteroides;s__	0.9947582221944854
e96e42f9d3374aafb331befaba012c48	d__Bacteria;p__Firmicutes;c__Bacilli;o__Erysipelotrichales;f__Erysipelotrichaceae;g__Holdemanella;s__	0.9954599497785634
7d227ebc23c17b630622bf741efd327c	d__Bacteria;p__Bacteroidota;c__Bacteroidia;o__Bacteroidales;f__Muribaculaceae;g__Muribaculaceae;s__	0.9876260668413395
1f402486393bf5158b135fe30324424a	d__Bacteria;p__Actinobacteriota;c__Coriobacteriia;o__Coriobacteriales;f__Eggerthellaceae;g__Eggerthella;s__	0.9490383669803503
8cf78af147c81d415fc973b3b5deccf0	d__Bacteria;p__Firmicutes;c__Bacilli;o__Bacillales;f__Bacillaceae	0.9893007467326022
8859393b2b48e6acc958516482d518e2	d__Bacteria;p__Firmicutes;c__Bacilli;o__Lactobacillales;f__Enterococcaceae;g__Enterococcus;s__	0.8545217098692292
f24ec689169ba779bab19a66c02462df	d__Bacteria;p__Firmicutes;c__Clostridia;o__Oscillospirales;f__Ruminococcaceae;g__Incertae_Sedis;s__	0.8125192747328781
c6827fe6588cc074259e1bdc548b48e3	d__Bacteria;p__Bacteroidota;c__Bacteroidia;o__Bacteroidales;f__Prevotellaceae;g__Prevotella;s__	0.7091673475519845
084eea6114b181f1c5a219f0f420890c	d__Bacteria;p__Firmicutes;c__Clostridia;o__Christensenellales;f__Christensenellaceae;g__Christensenellaceae_R-7_group;s__	0.8432660395526679
43e2f7a7ef523da390c3eec576633053	d__Bacteria;p__Firmicutes;c__Negativicutes;o__Acidaminococcales;f__Acidaminococcaceae;g__Acidaminococcus;s__	0.9989484084776902
f381b492d6651c52fd09ce9351e7eb2d	d__Bacteria;p__Proteobacteria;c__Gammaproteobacteria;o__Enterobacterales;f__Pasteurellaceae;g__Haemophilus;s__	0.9951825670521671
a47b98f4ad44a1729dd0c3b03c9d8469	d__Bacteria;p__Firmicutes;c__Clostridia;o__Oscillospirales;f__Ruminococcaceae;g__UBA1819;s__	0.9892425424094644
0078952fa962d5b87f184d577d9ae150	d__Bacteria;p__Proteobacteria;c__Gammaproteobacteria;o__Pseudomonadales;f__Pseudomonadaceae;g__Pseudomonas;s__	0.9118937238990579
9912ad20c5992807f01850d2216d3870	d__Bacteria;p__Firmicutes;c__Clostridia;o__Christensenellales;f__Christensenellaceae	0.9840205502912459
32df4ebddcd98965d61924e89ac579b4	d__Bacteria;p__Firmicutes;c__Clostridia;o__Lachnospirales;f__Lachnospiraceae;g__Lachnospiraceae_UCG-010;s__	0.7759065583742403
ec49866c5e807febc7cf82033e5d2dc3	d__Bacteria;p__Firmicutes;c__Clostridia;o__Peptostreptococcales-Tissierellales;f__Peptostreptococcaceae	0.9998354933735699
d72a001c7f7aebf9888cccb0f77fa22a	d__Bacteria;p__Firmicutes;c__Bacilli;o__Lactobacillales;f__Enterococcaceae	0.7680860352401111
16e2ff001902d5c464d891b754b807d6	d__Bacteria;p__Bacteroidota;c__Bacteroidia;o__Bacteroidales;f__Tannerellaceae;g__Parabacteroides;s__	0.9954725126152447
8c6282092eee2c0019286a239de71af5	d__Bacteria;p__Caldatribacteriota;c__Caldatribacteriia;o__Caldatribacteriales;f__Caldatribacteriaceae;g__Candidatus_Caldatribacterium;s__	0.9996949596782885
4f8c6059dc3866cb5961b379e51e74d9	d__Bacteria;p__Firmicutes;c__Bacilli;o__Lactobacillales;f__Enterococcaceae;g__Enterococcus;s__	0.9642515067802181
b264b4009ad451fd4ad5baf6a5f818d8	d__Bacteria;p__Proteobacteria;c__Gammaproteobacteria;o__Enterobacterales;f__Pasteurellaceae	0.9996884779873246
bc17f666c0f2402e62ee72f0cb321262	d__Bacteria;p__Firmicutes;c__Clostridia;o__Clostridiales;f__Clostridiaceae;g__Clostridium_sensu_stricto_1;s__	0.8906992545949135
1f7e179a4e74560aa908c14e28d08b13	d__Bacteria;p__Bacteroidota;c__Bacteroidia;o__Bacteroidales;f__Prevotellaceae	0.999703137467944
f993f9711cd81418947d98e32c1a2d2c	d__Bacteria;p__Firmicutes;c__Bacilli;o__Bacillales;f__Bacillaceae;g__Paucisalibacillus;s__	0.7389777458797764
744d74f2f8f08cce9f7509fd14d84908	d__Bacteria;p__Firmicutes;c__Clostridia;o__Oscillospirales;f__[Eubacterium]_coprostanoligenes_group;g__[Eubacterium]_coprostanoligenes_group;s__	0.9869549000801833
5b10b6bdaafb340b2f4106ed4bab6a9a	d__Bacteria;p__Firmicutes;c__Clostridia;o__Clostridiales;f__Clostridiaceae	0.9899680868521826
20dd59ab526b60960b9f656d4b7af728	d__Bacteria;p__Firmicutes;c__Clostridia;o__Monoglobales;f__Monoglobaceae;g__Monoglobus;s__	0.9952283595631395
5e497467935b10f3d52931ddd431c448	d__Bacteria;p__Firmicutes;c__Clostridia;o__Clostridia_UCG-014;f__Clostridia_UCG-014;g__Clostridia_UCG-014;s__	0.999943163847321
93da76ca8fe695be7514fbf3743692a8	d__Bacteria;p__Firmicutes;c__Clostridia;o__Christensenellales;f__Christensenellaceae;g__Christensenellaceae_R-7_group;s__	0.7342238622162811
7ec1e485f96f4e268712fc6793398344	d__Bacteria;p__Firmicutes;c__Negativicutes;o__Veillonellales-Selenomonadales;f__Selenomonadaceae;g__Megamonas;s__	0.9999883385099618
f1262daa526acc7b840f0477ab039901	d__Bacteria;p__Firmicutes;c__Bacilli;o__Lactobacillales	0.9977003760842214
285172e1225e4e0c22f05d6744764d9c	d__Bacteria;p__Proteobacteria;c__Gammaproteobacteria;o__Burkholderiales;f__Burkholderiaceae;g__Ralstonia;s__	0.9994789854977685
d40b396fde8b6fdc713436cfb3916e14	d__Bacteria;p__Firmicutes;c__Bacilli;o__Bacillales;f__Bacillaceae	0.9750165423308984
2398bc3d5c2ef51693254b5058bc05c0	d__Bacteria;p__Actinobacteriota;c__Actinobacteria;o__Corynebacteriales;f__Dietziaceae;g__Dietzia;s__	0.9668831776652531
bec06faef226198ecf010dcd8b4cf428	d__Bacteria;p__Actinobacteriota;c__Coriobacteriia;o__Coriobacteriales;f__Eggerthellaceae;g__uncultured;s__	0.7021177952430084
9d1267bac3a9bdfa51cc9d23b8dc3c44	d__Bacteria;p__Actinobacteriota;c__Coriobacteriia;o__Coriobacteriales;f__Eggerthellaceae;g__Senegalimassilia;s__	0.9998806068939683
8563f576d0ffe799f37dab2b8381800a	d__Bacteria;p__Firmicutes;c__Clostridia;o__Clostridiales;f__Clostridiaceae	0.990184734928383
82104585f0b2617c13eb69f0bbdf7d5a	d__Bacteria;p__Firmicutes;c__Bacilli;o__Lactobacillales;f__Streptococcaceae;g__Streptococcus;s__	0.9458414440353619
5e05615ac72fd201a4ccbe792915d3f2	d__Bacteria;p__Firmicutes;c__Negativicutes;o__Veillonellales-Selenomonadales;f__Veillonellaceae;g__Dialister;s__	0.9472890136583103
4a16baca997067f9cc4b7031295957e5	d__Bacteria;p__Firmicutes;c__Bacilli;o__Bacillales;f__Bacillaceae;g__Bacillus;s__	0.7205379049181715
13681b39a577674ae923488c56496a45	d__Bacteria;p__Firmicutes;c__Negativicutes;o__Veillonellales-Selenomonadales;f__Veillonellaceae;g__Dialister;s__	0.9999025604423732
03fd5210ad992fddd0cc44a0690c49c6	d__Bacteria;p__Firmicutes;c__Bacilli;o__Lactobacillales;f__Lactobacillaceae;g__Lacticaseibacillus;s__	0.9999613712620992
8f5189c3726579ac1af1f41728466d6c	d__Bacteria;p__Firmicutes;c__Bacilli;o__Lactobacillales;f__Streptococcaceae;g__Streptococcus;s__	0.9884153252242514
3f4c10c7e893985a305d6075c03af0f8	d__Bacteria;p__Firmicutes;c__Clostridia;o__Clostridia_UCG-014;f__Clostridia_UCG-014;g__Clostridia_UCG-014;s__	0.9997355638665611
b0dac1135d6a4e89d7fc435d979e3cc0	d__Bacteria;p__Synergistota;c__Synergistia;o__Synergistales;f__Synergistaceae;g__Syner-01;s__	0.9731875689176142
5c7c6a6cb3af596c3a489770cbc71137	d__Bacteria;p__Firmicutes;c__Clostridia;o__Oscillospirales;f__Butyricicoccaceae;g__Butyricicoccus;s__	0.985824459399868
fbb75e62b5fc4042023f6010140ada7d	d__Bacteria;p__Desulfobacterota;c__Desulfovibrionia;o__Desulfovibrionales;f__Desulfovibrionaceae;g__Bilophila;s__	0.9995984877463244
abf11d545eb99154b897554133b76a06	d__Bacteria;p__Firmicutes;c__Clostridia;o__Oscillospirales;f__UCG-010;g__UCG-010;s__	0.8519375917022495
70914aa5744b03f0182c003d64966744	d__Bacteria;p__Firmicutes;c__Clostridia;o__Clostridia_UCG-014;f__Clostridia_UCG-014;g__Clostridia_UCG-014;s__	0.9999116260187257
eb6da6c4e051ad9614d6fbf4d2c016c4	d__Bacteria;p__Firmicutes;c__Clostridia;o__Oscillospirales;f__Ruminococcaceae	0.8009600128052407
eb3f9a92986d12d53a193d871bc6bda8	d__Bacteria;p__Firmicutes;c__Clostridia;o__Oscillospirales;f__Ruminococcaceae;g__Anaerotruncus;s__	0.9767397541245288
06d835d095739358bdc730e8255b8c6b	d__Bacteria;p__Bacteroidota;c__Bacteroidia;o__Bacteroidales;f__Tannerellaceae;g__Parabacteroides;s__	0.9917181338865269
7d86a2c6e28bfcb87650caf457d0a27f	d__Bacteria;p__Firmicutes;c__Clostridia;o__Clostridiales;f__Clostridiaceae	0.9979429810048397
cb66511e872f7236646d1458f2a5f041	d__Bacteria;p__Firmicutes;c__Bacilli;o__Lactobacillales;f__Streptococcaceae;g__Streptococcus;s__	0.9939836664542893
cb5ddde9f68eb3d5aaf8d2631f5cc318	d__Bacteria;p__Bacteroidota;c__Bacteroidia;o__Bacteroidales;f__Dysgonomonadaceae;g__Dysgonomonadaceae;s__	0.8920718581890211
5abca25cf86e3b9c882d6980b5cdbf30	d__Bacteria;p__Firmicutes;c__Negativicutes;o__Veillonellales-Selenomonadales;f__Veillonellaceae;g__Veillonella;s__	0.9999247817173508
a5bcb9639fead656bd0538ddb1e6d6c1	d__Bacteria;p__Bacteroidota;c__Bacteroidia;o__Bacteroidales;f__Prevotellaceae;g__Prevotellaceae_NK3B31_group;s__	0.9806298991639668
2d5418b898a8a2151e2508c8c1686aae	d__Bacteria;p__Firmicutes;c__Bacilli	0.9782353958567855
