	observed_features
IBS-50-CYK2020	169
IBS-79-CYK2020	314
IBS-27-CYK2020	285
IBS-54-CYK2020	203
IBS-40-CYK2020	169
IBS-19-CYK2020	311
IBS-84-CYK2020	312
IBS-13-CYK2020	131
IBS-58-CYK2020	411
IBS-42-CYK2020	295
IBS-72-CYK2020	407
HC-21-CYK2020	289
IBS-46-CYK2020	173
IBS-36-CYK2020	332
IBS-5-CYK2020	202
IBS-74-CYK2020	388
HC-19-CYK2020	287
IBS-17-CYK2020	413
HC-26-CYK2020	243
IBS-52-CYK2020	196
IBS-34-CYK2020	253
HC-12-CYK2020	425
HC-9-CYK2020	319
IBS-73-CYK2020	203
IBS-71-CYK2020	475
IBS-6-CYK2020	299
IBS-63-CYK2020	341
IBS-4-CYK2020	367
IBS-20-CYK2020	279
IBS-32-CYK2020	152
IBS-16-CYK2020	193
IBS-59-CYK2020	260
IBS-76-CYK2020	215
IBS-29-CYK2020	242
IBS-78-CYK2020	294
IBS-21-CYK2020	247
HC-23-CYK2020	298
IBS-43-CYK2020	376
IBS-26-CYK2020	266
IBS-37-CYK2020	238
HC-1-CYK2020	218
IBS-14-CYK2020	489
IBS-23-CYK2020	268
IBS-28-CYK2020	267
IBS-41-CYK2020	292
HC-11-CYK2020	256
IBS-80-CYK2020	124
IBS-55-CYK2020	266
IBS-61-CYK2020	459
IBS-8-CYK2020	404
HC-13-CYK2020	294
IBS-7-CYK2020	454
IBS-85-CYK2020	267
IBS-24-CYK2020	148
HC-7-CYK2020	255
IBS-22-CYK2020	338
IBS-83-CYK2020	307
IBS-9-CYK2020	168
IBS-12-CYK2020	221
HC-10-CYK2020	277
IBS-75-CYK2020	314
HC-25-CYK2020	255
IBS-69-CYK2020	299
IBS-53-CYK2020	144
IBS-60-CYK2020	335
IBS-47-CYK2020	283
HC-16-CYK2020	395
IBS-81-CYK2020	528
HC-5-CYK2020	413
IBS-66-CYK2020	215
IBS-51-CYK2020	437
HC-2-CYK2020	260
IBS-68-CYK2020	192
IBS-15-CYK2020	397
IBS-77-CYK2020	201
IBS-48-CYK2020	388
HC-20-CYK2020	368
HC-24-CYK2020	291
HC-22-CYK2020	182
IBS-10-CYK2020	208
IBS-62-CYK2020	250
IBS-70-CYK2020	249
HC-6-CYK2020	276
IBS-1-CYK2020	294
IBS-31-CYK2020	309
HC-18-CYK2020	305
IBS-38-CYK2020	210
HC-4-CYK2020	443
IBS-25-CYK2020	255
IBS-30-CYK2020	234
HC-14-CYK2020	286
IBS-3-CYK2020	446
IBS-67-CYK2020	339
IBS-33-CYK2020	226
IBS-35-CYK2020	302
HC-15-CYK2020	406
HC-17-CYK2020	287
IBS-44-CYK2020	269
IBS-39-CYK2020	464
IBS-82-CYK2020	156
HC-8-CYK2020	297
IBS-11-CYK2020	161
IBS-45-CYK2020	188
HC-3-CYK2020	245
IBS-57-CYK2020	178
IBS-65-CYK2020	214
IBS-64-CYK2020	223
IBS-2-CYK2020	113
IBS-56-CYK2020	142
IBS-18-CYK2020	147
IBS-49-CYK2020	268
