model	rank	probe_id	importance
Logistic Regression	1	239811_at	0.8038059050307393
Logistic Regression	2	235201_at	0.7433370570681025
Logistic Regression	3	209818_s_at	0.49902620614187343
Logistic Regression	4	232313_at	0.4132311039414429
Logistic Regression	5	237017_s_at	0.41168727125785515
Logistic Regression	6	1558820_a_at	0.3890041923779835
Logistic Regression	7	239273_s_at	0.36177842452168235
Logistic Regression	8	223704_at	0.31999688363280465
Logistic Regression	9	213325_at	0.3073792744044576
Logistic Regression	10	232187_at	0.27789712742716394
Logistic Regression	11	220061_at	0.276399863687679
Logistic Regression	12	1553243_at	0.2755998066360037
Logistic Regression	13	206742_at	0.24747703851716477
Logistic Regression	14	235670_at	0.22072909856107237
Logistic Regression	15	214505_s_at	0.2081991045685105
Logistic Regression	16	1552519_at	0.20778594389756014
Logistic Regression	17	203295_s_at	0.20537474767080277
Logistic Regression	18	230595_at	0.2031781172710678
Logistic Regression	19	206262_at	0.1823322768590232
Logistic Regression	20	228368_at	0.18186655720047104
Random Forest	1	239811_at	0.11207038108014315
Random Forest	2	235201_at	0.052259531621433646
Random Forest	3	1558820_a_at	0.05172327533833332
Random Forest	4	231790_at	0.04979059848587083
Random Forest	5	237351_at	0.04529368557337591
Random Forest	6	232187_at	0.04301402828902549
Random Forest	7	209818_s_at	0.04217991564135387
Random Forest	8	89977_at	0.036076489702235925
Random Forest	9	232313_at	0.03538333613732673
Random Forest	10	235670_at	0.03534497113016758
Random Forest	11	214582_at	0.03157413291311364
Random Forest	12	214505_s_at	0.025932762373034705
Random Forest	13	239273_s_at	0.02445364928419862
Random Forest	14	230282_at	0.022890295223085496
Random Forest	15	230670_at	0.02035212510903892
Random Forest	16	1553243_at	0.01873321376097968
Random Forest	17	203295_s_at	0.017813491147673183
Random Forest	18	1563182_at	0.016835113571236175
Random Forest	19	230463_at	0.01607730412103031
Random Forest	20	220037_s_at	0.01594820039089045
