sample	group	observed_features	shannon	simpson
IBS-50-CYK2020	IBS	168	3.7229661510526673	0.9501345235967266
IBS-79-CYK2020	IBS	313	4.080915453646303	0.9634702286419553
IBS-27-CYK2020	IBS	284	4.273224152931167	0.9662484700372581
IBS-54-CYK2020	IBS	202	3.088850939364064	0.8818668877902992
IBS-40-CYK2020	IBS	168	3.1693907210799113	0.8827425268833949
IBS-19-CYK2020	IBS	310	4.366155142799085	0.9748837840489255
IBS-84-CYK2020	IBS	311	4.2992345114266985	0.9705136311905029
IBS-13-CYK2020	IBS	131	3.0283740111769606	0.8923710029493502
IBS-58-CYK2020	IBS	410	4.350251042786358	0.9656625487805268
IBS-42-CYK2020	IBS	294	3.8949340426079644	0.936244942584558
IBS-72-CYK2020	IBS	406	4.707117138930443	0.9819967999342273
HC-21-CYK2020	HC	289	4.363663985838733	0.9738463920589334
IBS-46-CYK2020	IBS	173	3.7726856992771727	0.949969534601414
IBS-36-CYK2020	IBS	332	4.433402543733318	0.9749090892706742
IBS-5-CYK2020	IBS	201	3.6936133615927487	0.9339980844937632
IBS-74-CYK2020	IBS	387	4.27066491686682	0.9650442166285151
HC-19-CYK2020	HC	286	4.615438833318404	0.9843308964326993
IBS-17-CYK2020	IBS	413	4.494697776289686	0.9623505752573172
HC-26-CYK2020	HC	242	3.7338952950043685	0.929829542238342
IBS-52-CYK2020	IBS	196	3.7418480681134008	0.949389424455379
IBS-34-CYK2020	IBS	252	3.8879707572635676	0.9586194488545419
HC-12-CYK2020	HC	424	4.689059550386021	0.9815020273048105
HC-9-CYK2020	HC	318	4.110791314321775	0.954243304293987
IBS-73-CYK2020	IBS	203	3.7064019323953823	0.9547205005238769
IBS-71-CYK2020	IBS	474	4.6413915142140905	0.9753175009255125
IBS-6-CYK2020	IBS	298	3.8748244111717813	0.9375372590790221
IBS-63-CYK2020	IBS	341	4.311233694303619	0.9554429512855064
IBS-4-CYK2020	IBS	366	4.227142653988749	0.9534474923331061
IBS-20-CYK2020	IBS	279	4.337108172699033	0.9707747529710526
IBS-32-CYK2020	IBS	151	3.585999643778402	0.9222458143009161
IBS-16-CYK2020	IBS	192	3.497514221402154	0.9324465431653369
IBS-59-CYK2020	IBS	259	4.044300129480192	0.9581939614844948
IBS-76-CYK2020	IBS	214	3.9012048021633716	0.9562859745817893
IBS-29-CYK2020	IBS	241	3.879063413650198	0.9406428210603515
IBS-78-CYK2020	IBS	293	4.101213046744612	0.9556716662016018
IBS-21-CYK2020	IBS	247	3.961621674000404	0.9495197328589738
HC-23-CYK2020	HC	298	3.9586081688562955	0.9466437552287814
IBS-43-CYK2020	IBS	375	4.356801554757754	0.972756388359758
IBS-26-CYK2020	IBS	266	3.5960032003305615	0.9377908607433854
IBS-37-CYK2020	IBS	237	3.3626720181974363	0.8798474685703207
HC-1-CYK2020	HC	217	3.858444026376418	0.9534312049609815
IBS-14-CYK2020	IBS	488	4.629275400175119	0.9770957274111278
IBS-23-CYK2020	IBS	268	4.03984416782324	0.9637395253030159
IBS-28-CYK2020	IBS	267	3.524874483269043	0.9079968032615144
IBS-41-CYK2020	IBS	292	4.056310998130013	0.9569573617831943
HC-11-CYK2020	HC	255	4.385914197492394	0.9809020689505641
IBS-80-CYK2020	IBS	124	3.4556038200857326	0.9223780603173378
IBS-55-CYK2020	IBS	265	4.066034009451938	0.9548711177901245
IBS-61-CYK2020	IBS	459	4.997845845694709	0.9868204367262947
IBS-8-CYK2020	IBS	403	4.2956112325334175	0.9656057404032475
HC-13-CYK2020	HC	293	4.181495492856522	0.9658073080014167
IBS-7-CYK2020	IBS	453	4.477951819027142	0.9710371604857162
IBS-85-CYK2020	IBS	266	3.7394540723923275	0.9333165873341516
IBS-24-CYK2020	IBS	148	3.502753788127464	0.9272467564324405
HC-7-CYK2020	HC	254	4.221885265732743	0.9717628192598233
IBS-22-CYK2020	IBS	337	3.712724925739271	0.949253081023291
IBS-83-CYK2020	IBS	307	4.133445227120645	0.9719469189125108
IBS-9-CYK2020	IBS	167	3.5600601562416196	0.935145468818699
IBS-12-CYK2020	IBS	220	3.726533565306019	0.9448649986865439
HC-10-CYK2020	HC	277	4.0180271150686275	0.9485135040500603
IBS-75-CYK2020	IBS	313	3.769750908862989	0.9368409582351446
HC-25-CYK2020	HC	254	4.104533380788634	0.961545377085545
IBS-69-CYK2020	IBS	298	4.25075613313437	0.9711174771750362
IBS-53-CYK2020	IBS	143	3.341077378305109	0.9169600503082613
IBS-60-CYK2020	IBS	334	4.448797552651872	0.9756039194233929
IBS-47-CYK2020	IBS	282	3.754402059841461	0.9256175021512919
HC-16-CYK2020	HC	394	4.429372944796496	0.9729041421786132
IBS-81-CYK2020	IBS	528	5.072402867844168	0.9869220712857586
HC-5-CYK2020	HC	412	4.802435346250531	0.9853168567019411
IBS-66-CYK2020	IBS	214	3.660162778328496	0.9352156612962476
IBS-51-CYK2020	IBS	437	4.596743485507671	0.975534961753295
HC-2-CYK2020	HC	260	4.348240896318104	0.9746961472405913
IBS-68-CYK2020	IBS	192	3.9976620756330057	0.9681572183566654
IBS-15-CYK2020	IBS	396	4.367348572082307	0.9602872068906058
IBS-77-CYK2020	IBS	200	3.5009789994184994	0.9346060513434662
IBS-48-CYK2020	IBS	387	4.4773922793007275	0.9717096152246688
HC-20-CYK2020	HC	367	4.36836813378677	0.9682547075266323
HC-24-CYK2020	HC	290	4.158258913946097	0.9506803207048906
HC-22-CYK2020	HC	181	3.8422297793660722	0.9605269590304312
IBS-10-CYK2020	IBS	207	4.015805775011953	0.9652108085888185
IBS-62-CYK2020	IBS	250	4.088375663563966	0.971831784747091
IBS-70-CYK2020	IBS	248	3.882854087265385	0.9556410880289591
HC-6-CYK2020	HC	275	4.178570798195188	0.9584804251126376
IBS-1-CYK2020	IBS	293	4.199175030346783	0.9621623137708535
IBS-31-CYK2020	IBS	308	4.002424106220225	0.9533106934887831
HC-18-CYK2020	HC	304	4.222736722933261	0.9710881851815977
IBS-38-CYK2020	IBS	210	3.896980015478751	0.9489603709864933
HC-4-CYK2020	HC	443	5.003004277553667	0.9869592308096273
IBS-25-CYK2020	IBS	255	3.855427367291554	0.9351030211139314
IBS-30-CYK2020	IBS	234	3.8102364412496255	0.9499430284414715
HC-14-CYK2020	HC	285	4.251651351071871	0.972397984794732
IBS-3-CYK2020	IBS	445	4.233057995318389	0.9418261972322308
IBS-67-CYK2020	IBS	338	4.319065982069813	0.9612433797902973
IBS-33-CYK2020	IBS	225	3.6771033407333658	0.9378112026258949
IBS-35-CYK2020	IBS	301	4.345421360407218	0.9756575790943822
HC-15-CYK2020	HC	405	4.476914934367674	0.9658250630553397
HC-17-CYK2020	HC	287	4.380756995761432	0.9759910379679422
IBS-44-CYK2020	IBS	269	3.807298150781302	0.938186062234136
IBS-39-CYK2020	IBS	463	4.393605480146398	0.9651384688836085
IBS-82-CYK2020	IBS	156	3.622230117786763	0.9541200386375274
HC-8-CYK2020	HC	297	3.8914916811815563	0.9584120085856837
IBS-11-CYK2020	IBS	161	3.7230698772736504	0.9421561126046555
IBS-45-CYK2020	IBS	188	4.002121571307424	0.9614474355647054
HC-3-CYK2020	HC	244	3.8800223526267694	0.9509134821312333
IBS-57-CYK2020	IBS	177	3.831038661819245	0.9541251426627888
IBS-65-CYK2020	IBS	214	3.6905085037154945	0.9203142204049444
IBS-64-CYK2020	IBS	223	3.744402284650457	0.9320022805421909
IBS-2-CYK2020	IBS	112	2.9460339089796075	0.8808076489687695
IBS-56-CYK2020	IBS	141	3.3388844009458123	0.9386622186043093
IBS-18-CYK2020	IBS	147	3.268273145733283	0.9102072385318868
IBS-49-CYK2020	IBS	267	3.9685628664525314	0.961952302864256
