	shannon_entropy
IBS-50-CYK2020	5.042013640332908
IBS-79-CYK2020	5.904029267091603
IBS-27-CYK2020	6.184363225681442
IBS-54-CYK2020	4.5046586114519185
IBS-40-CYK2020	4.612169854249692
IBS-19-CYK2020	6.3172159019671605
IBS-84-CYK2020	6.164421559738929
IBS-13-CYK2020	4.369020167882017
IBS-58-CYK2020	6.290876878907702
IBS-42-CYK2020	5.63226851626457
IBS-72-CYK2020	6.801935401047247
HC-21-CYK2020	6.295436392475302
IBS-46-CYK2020	5.442834949179888
IBS-36-CYK2020	6.396047864108579
IBS-5-CYK2020	5.329508543240721
IBS-74-CYK2020	6.177400309778962
HC-19-CYK2020	6.671900002783631
IBS-17-CYK2020	6.484478192147771
HC-26-CYK2020	5.247021182816722
IBS-52-CYK2020	5.39834565162716
IBS-34-CYK2020	5.637210645956359
HC-12-CYK2020	6.7749835629636825
HC-9-CYK2020	5.950659727515192
IBS-73-CYK2020	5.347207687408091
IBS-71-CYK2020	6.702663558525173
IBS-6-CYK2020	5.566109421294593
IBS-63-CYK2020	6.2197954708852246
IBS-4-CYK2020	6.116094070358342
IBS-20-CYK2020	6.257124452551889
IBS-32-CYK2020	5.197746669577995
IBS-16-CYK2020	5.076285565964237
IBS-59-CYK2020	5.8382130311964575
IBS-76-CYK2020	5.6293105278323985
IBS-29-CYK2020	5.62568698883481
IBS-78-CYK2020	5.940484568485086
IBS-21-CYK2020	5.715411942958611
HC-23-CYK2020	5.711064374031501
IBS-43-CYK2020	6.252567050446369
IBS-26-CYK2020	5.187935984137743
IBS-37-CYK2020	4.840356687379674
HC-1-CYK2020	5.227503193838247
IBS-14-CYK2020	6.683386081589382
IBS-23-CYK2020	5.8282631468827875
IBS-28-CYK2020	5.085318936768297
IBS-41-CYK2020	5.85201976130553
HC-11-CYK2020	6.333350299987546
IBS-80-CYK2020	4.985382494514642
IBS-55-CYK2020	5.887935525794855
IBS-61-CYK2020	7.2103674167112795
IBS-8-CYK2020	6.213833132631052
HC-13-CYK2020	6.0335443587104
IBS-7-CYK2020	6.472140992110203
IBS-85-CYK2020	5.428249384424868
IBS-24-CYK2020	5.053405519586528
HC-7-CYK2020	6.109493173174778
IBS-22-CYK2020	5.372669763604771
IBS-83-CYK2020	5.963300930953109
IBS-9-CYK2020	5.167202751795529
IBS-12-CYK2020	5.408636155811764
HC-10-CYK2020	5.7967877930669065
IBS-75-CYK2020	5.466140590120868
HC-25-CYK2020	5.945076554885399
IBS-69-CYK2020	6.152518436152603
IBS-53-CYK2020	4.8428762161914385
IBS-60-CYK2020	6.419740523133357
IBS-47-CYK2020	5.449057631899925
HC-16-CYK2020	6.3954690714576845
IBS-81-CYK2020	7.317930462829725
HC-5-CYK2020	6.93036426477334
IBS-66-CYK2020	5.298820401634595
IBS-51-CYK2020	6.631699030780561
HC-2-CYK2020	6.273185577708704
IBS-68-CYK2020	5.767407251665617
IBS-15-CYK2020	6.119101257733361
IBS-77-CYK2020	5.091502538233817
IBS-48-CYK2020	6.46817128518295
HC-20-CYK2020	6.283279178648594
HC-24-CYK2020	6.020358187158517
HC-22-CYK2020	5.566685156000989
IBS-10-CYK2020	5.811355263975393
IBS-62-CYK2020	5.898279295114858
IBS-70-CYK2020	5.6310929212913345
HC-6-CYK2020	6.050167675470163
IBS-1-CYK2020	5.838624390137285
IBS-31-CYK2020	5.796277763449756
HC-18-CYK2020	6.108299172493615
IBS-38-CYK2020	5.622153742774589
HC-4-CYK2020	7.2178094607729495
IBS-25-CYK2020	5.562205943299105
IBS-30-CYK2020	5.497009218405246
HC-14-CYK2020	6.13475031360517
IBS-3-CYK2020	6.112975721166596
IBS-67-CYK2020	6.244418927537548
IBS-33-CYK2020	5.33024948119817
IBS-35-CYK2020	6.1549557081463755
HC-15-CYK2020	6.469678522923326
HC-17-CYK2020	6.320096393124652
IBS-44-CYK2020	5.492770161317916
IBS-39-CYK2020	6.345078695906146
IBS-82-CYK2020	5.2257734278896075
HC-8-CYK2020	5.6142357501012965
IBS-11-CYK2020	5.3712544488257805
IBS-45-CYK2020	5.773840943959969
HC-3-CYK2020	5.6119449030175605
IBS-57-CYK2020	5.5277111898201765
IBS-65-CYK2020	5.324278316668888
IBS-64-CYK2020	5.402030607158522
IBS-2-CYK2020	4.322126250124945
IBS-56-CYK2020	4.820255344048942
IBS-18-CYK2020	4.71512145961998
IBS-49-CYK2020	5.726075064623837
